0,5,259,mustache2.png,394,600
1,9,323,mustache2.png,394,600
2,23,379,mustache2.png,394,600
3,42,432,mustache2.png,394,600
4,63,470,mustache2.png,394,600
5,87,509,mustache2.png,394,600
6,121,544,mustache2.png,394,600
7,160,566,mustache2.png,394,600
8,200,570,mustache2.png,394,600
9,245,563,mustache2.png,394,600
10,280,542,mustache2.png,394,600
11,306,509,mustache2.png,394,600
12,329,470,mustache2.png,394,600
13,348,432,mustache2.png,394,600
14,368,379,mustache2.png,394,600
15,381,322,mustache2.png,394,600
16,387,260,mustache2.png,394,600
17,62,190,mustache2.png,394,600
18,84,172,mustache2.png,394,600
19,122,168,mustache2.png,394,600
20,148,179,mustache2.png,394,600
21,170,190,mustache2.png,394,600
22,244,193,mustache2.png,394,600
23,267,182,mustache2.png,394,600
24,291,174,mustache2.png,394,600
25,319,183,mustache2.png,394,600
26,340,200,mustache2.png,394,600
27,205,262,mustache2.png,394,600
28,207,287,mustache2.png,394,600
29,207,317,mustache2.png,394,600
30,207,349,mustache2.png,394,600
31,162,384,mustache2.png,394,600
32,185,393,mustache2.png,394,600
33,208,397,mustache2.png,394,600
34,232,392,mustache2.png,394,600
35,250,385,mustache2.png,394,600
36,86,258,mustache2.png,394,600
37,109,242,mustache2.png,394,600
38,138,242,mustache2.png,394,600
39,160,261,mustache2.png,394,600
40,138,271,mustache2.png,394,600
41,111,270,mustache2.png,394,600
42,253,262,mustache2.png,394,600
43,277,243,mustache2.png,394,600
44,304,243,mustache2.png,394,600
45,321,260,mustache2.png,394,600
46,304,271,mustache2.png,394,600
47,278,273,mustache2.png,394,600
48,110,455,mustache2.png,394,600
49,141,449,mustache2.png,394,600
50,171,446,mustache2.png,394,600
51,205,449,mustache2.png,394,600
52,244,447,mustache2.png,394,600
53,269,449,mustache2.png,394,600
54,294,458,mustache2.png,394,600
55,272,480,mustache2.png,394,600
56,248,488,mustache2.png,394,600
57,205,496,mustache2.png,394,600
58,169,492,mustache2.png,394,600
59,136,481,mustache2.png,394,600
60,156,468,mustache2.png,394,600
61,181,464,mustache2.png,394,600
62,205,464,mustache2.png,394,600
63,226,465,mustache2.png,394,600
64,248,470,mustache2.png,394,600
65,227,475,mustache2.png,394,600
66,205,475,mustache2.png,394,600
67,182,474,mustache2.png,394,600
68,19,175,mustache2.png,394,600
69,49,105,mustache2.png,394,600
70,102,41,mustache2.png,394,600
71,205,4,mustache2.png,394,600
72,303,40,mustache2.png,394,600
73,356,105,mustache2.png,394,600
74,385,175,mustache2.png,394,600
